{
  "iteration": 10,
  "policy_id": "ppo_inspection_v1",
  "weights": [
    [
      0.04299666,
      -0.0213835,
      -0.06010449,
      -0.0169753,
      -0.08385755,
      0.03686445,
      -0.04228458,
      0.03672012,
      -0.03275405,
      -0.00202106,
      -0.00454322,
      -0.00518656,
      0.10278694,
      0.01136089,
      0.03421018,
      -0.03817752,
      0.04156663,
      0.01597087
    ],
    [
      -0.0570386,
      -0.00913701,
      -0.04730539,
      0.03435916,
      -0.03630964,
      -0.04071749,
      0.01546357,
      0.04136125,
      0.00158859,
      0.03298519,
      0.04076854,
      0.04923707,
      0.01423356,
      0.01506158,
      -0.04474865,
      0.0343434,
      0.00459607,
      -0.03107491
    ],
    [
      0.02484718,
      -0.06751826,
      -0.00663859,
      -0.07170645,
      -0.02508296,
      -0.03945942,
      -0.01173857,
      -0.01419779,
      0.06060556,
      0.03226736,
      -0.00457857,
      0.05491467,
      -0.04207576,
      0.09119498,
      -0.02861723,
      0.04106709,
      -0.04417864,
      0.00095395
    ]
  ],
  "bias": [
    0.00189793,
    0.01877087,
    0.0072107
  ],
  "value_weights": [
    -0.34492716,
    0.26899598,
    -0.04906204,
    -0.05329395,
    0.01009017,
    -0.00641728,
    0.37780948,
    -0.21471514,
    0.01556761,
    -0.46290382,
    -0.62617585,
    0.00581645,
    -0.19370276,
    0.00727057,
    -0.15113708,
    -0.05403836,
    0.01103976,
    -0.00617857
  ],
  "value_bias": -0.33614829,
  "sigma": 0.15923366,
  "readiness": {
    "score_version": "inspection_readiness_v0_1",
    "inspection_readiness_score": 0.0,
    "safe_component_coverage": 0.0,
    "anomaly_recall": 0.0,
    "anomaly_localization_quality": 0.0,
    "standoff_quality": 0.0,
    "view_diversity": 0.0,
    "smooth_control": 0.872622,
    "successful_return_or_hold": 0.0,
    "keepout_penalty": 0.0,
    "collision_penalty": 0.0,
    "unsafe_coverage_penalty": 0.0,
    "false_alarm_penalty": 0.0,
    "missed_priority_penalty": 0.15
  }
}
