{
  "iteration": 25,
  "policy_id": "ppo_inspection_v1",
  "weights": [
    [
      0.03025649,
      -0.01340763,
      -0.06080732,
      -0.01825293,
      -0.08349538,
      0.03752395,
      -0.02174713,
      0.02695818,
      -0.03379231,
      -0.01101742,
      -0.01794088,
      -0.00298552,
      0.09741724,
      0.01411219,
      0.03233612,
      -0.03780897,
      0.04191374,
      0.01689387
    ],
    [
      -0.05593014,
      -0.02897264,
      -0.04388785,
      0.03593643,
      -0.03063992,
      -0.04148609,
      0.01181856,
      0.07065184,
      0.00238902,
      0.04572439,
      0.07008627,
      0.05238066,
      0.03246069,
      0.01899107,
      -0.0265821,
      0.03473531,
      0.01150528,
      -0.03077518
    ],
    [
      0.02051325,
      -0.0634913,
      -0.00837612,
      -0.07309056,
      -0.02483372,
      -0.03984183,
      -0.00805897,
      -0.02160474,
      0.06230274,
      0.03008666,
      -0.0100151,
      0.05482694,
      -0.04618766,
      0.09108531,
      -0.03473475,
      0.03941041,
      -0.04371633,
      -0.00090801
    ]
  ],
  "bias": [
    -0.00716358,
    0.05290313,
    0.00050753
  ],
  "value_weights": [
    -0.50604133,
    -0.17015226,
    0.00428841,
    -0.01316546,
    0.14030736,
    -0.03665357,
    0.61391321,
    0.45480126,
    0.06895698,
    -0.24422351,
    -0.06109908,
    0.05804249,
    0.19507888,
    0.07255312,
    0.16841855,
    -0.01159443,
    0.14116445,
    -0.0354703
  ],
  "value_bias": 0.37702089,
  "sigma": 0.15809102,
  "readiness": {
    "score_version": "inspection_readiness_v0_1",
    "inspection_readiness_score": 0.832743,
    "safe_component_coverage": 1.0,
    "anomaly_recall": 1.0,
    "anomaly_localization_quality": 1.0,
    "standoff_quality": 0.0,
    "view_diversity": 1.0,
    "smooth_control": 0.827426,
    "successful_return_or_hold": 1.0,
    "keepout_penalty": 0.0,
    "collision_penalty": 0.0,
    "unsafe_coverage_penalty": 0.0,
    "false_alarm_penalty": 0.0,
    "missed_priority_penalty": 0.0
  }
}
