{
  "iteration": 50,
  "policy_id": "ppo_inspection_v1",
  "weights": [
    [
      -0.00348067,
      -0.00309547,
      -0.06248164,
      -0.02041307,
      -0.08756282,
      0.04010513,
      0.03728396,
      0.00959992,
      -0.03570843,
      -0.01382346,
      -0.03001268,
      -0.00159064,
      0.08756977,
      0.01585578,
      0.02118345,
      -0.04224619,
      0.03736399,
      0.02474299
    ],
    [
      -0.05813972,
      -0.06564144,
      -0.03710923,
      0.03784378,
      -0.01242108,
      -0.04304178,
      0.01476758,
      0.12300962,
      0.00130104,
      0.06999861,
      0.12547005,
      0.05910721,
      0.06710645,
      0.02739926,
      -0.00675847,
      0.04186332,
      0.03139836,
      -0.03000757
    ],
    [
      0.02192591,
      -0.05688257,
      -0.00832501,
      -0.0765996,
      -0.0276013,
      -0.03969645,
      -0.00932164,
      -0.03136772,
      0.06037011,
      0.02644156,
      -0.01427548,
      0.06047415,
      -0.04864367,
      0.09814433,
      -0.02812775,
      0.03280938,
      -0.04244068,
      -0.00126269
    ]
  ],
  "bias": [
    -0.02624014,
    0.11695225,
    -0.00075924
  ],
  "value_weights": [
    -0.56516306,
    -0.76869766,
    0.07842627,
    -0.01764214,
    0.41418694,
    -0.0761651,
    0.68097401,
    1.37291551,
    0.13191527,
    0.07713067,
    0.5913861,
    -0.07527469,
    0.61330406,
    -0.09409336,
    0.19134655,
    -0.01470477,
    0.40810918,
    -0.07711466
  ],
  "value_bias": 1.05876117,
  "sigma": 0.15620481,
  "readiness": {
    "score_version": "inspection_readiness_v0_1",
    "inspection_readiness_score": 0.809459,
    "safe_component_coverage": 1.0,
    "anomaly_recall": 1.0,
    "anomaly_localization_quality": 1.0,
    "standoff_quality": 0.055543,
    "view_diversity": 0.8,
    "smooth_control": 0.711273,
    "successful_return_or_hold": 1.0,
    "keepout_penalty": 0.0,
    "collision_penalty": 0.0,
    "unsafe_coverage_penalty": 0.0,
    "false_alarm_penalty": 0.0,
    "missed_priority_penalty": 0.0
  }
}
