{
  "iteration": 1,
  "policy_id": "ppo_inspection_v1",
  "weights": [
    [
      0.04457814,
      -0.01861778,
      -0.06097463,
      -0.01838494,
      -0.08400788,
      0.03685641,
      -0.04573959,
      0.03296599,
      -0.03233392,
      -0.0053475,
      -0.01055323,
      -0.0052571,
      0.09963742,
      0.01127271,
      0.02937408,
      -0.04103829,
      0.04154191,
      0.01596115
    ],
    [
      -0.05828386,
      0.00071505,
      -0.04942715,
      0.03298856,
      -0.03692805,
      -0.04015526,
      0.01613699,
      0.02843184,
      0.00170591,
      0.02455113,
      0.0254716,
      0.04908311,
      0.00630719,
      0.01486913,
      -0.05455755,
      0.03225603,
      0.00250778,
      -0.03153726
    ],
    [
      0.02088899,
      -0.06122187,
      -0.00733838,
      -0.07276578,
      -0.02541142,
      -0.03958796,
      -0.00791094,
      -0.02109451,
      0.06024816,
      0.02464466,
      -0.01645137,
      0.05433966,
      -0.04694149,
      0.09047622,
      -0.03182094,
      0.04080129,
      -0.04310644,
      -0.00043984
    ]
  ],
  "bias": [
    -0.00362708,
    0.00464143,
    -0.00153951
  ],
  "value_weights": [
    -0.02393031,
    0.07632322,
    -0.01428717,
    -0.01166761,
    -0.00113715,
    -0.00027314,
    0.02563075,
    -0.08416659,
    0.00402593,
    -0.08288911,
    -0.1293778,
    0.0,
    -0.05455584,
    0.0,
    -0.04827123,
    -0.01197832,
    -0.00107907,
    -0.00025395
  ],
  "value_bias": -0.09571201,
  "sigma": 0.1599232,
  "readiness": {
    "score_version": "inspection_readiness_v0_1",
    "inspection_readiness_score": 0.0,
    "safe_component_coverage": 0.0,
    "anomaly_recall": 0.0,
    "anomaly_localization_quality": 0.0,
    "standoff_quality": 0.0,
    "view_diversity": 0.0,
    "smooth_control": 0.91909,
    "successful_return_or_hold": 0.0,
    "keepout_penalty": 0.0,
    "collision_penalty": 0.0,
    "unsafe_coverage_penalty": 0.0,
    "false_alarm_penalty": 0.0,
    "missed_priority_penalty": 0.15
  }
}
