{
  "iteration": 80,
  "policy_id": "ppo_inspection_v1",
  "weights": [
    [
      -0.0527812,
      0.00835281,
      -0.06615854,
      -0.01687747,
      -0.08909855,
      0.03544816,
      0.13307758,
      -0.01106497,
      -0.03040527,
      -0.01540436,
      -0.03472944,
      0.00347422,
      0.08572925,
      0.02218686,
      0.02386005,
      -0.04090492,
      0.03658567,
      0.01459694
    ],
    [
      -0.05794664,
      -0.09680158,
      -0.03198218,
      0.03651785,
      0.00816529,
      -0.04466074,
      0.01333162,
      0.16481918,
      -0.00053626,
      0.09586302,
      0.17231164,
      0.06104701,
      0.0914252,
      0.029824,
      -0.00438516,
      0.03875041,
      0.05413724,
      -0.0302205
    ],
    [
      0.02480038,
      -0.06298873,
      -0.01054206,
      -0.07357936,
      -0.02606249,
      -0.04068918,
      -0.01043739,
      -0.02328334,
      0.06433549,
      0.03322603,
      -0.00873475,
      0.05474809,
      -0.04800883,
      0.09098675,
      -0.03326817,
      0.03813335,
      -0.04068041,
      -0.00043589
    ]
  ],
  "bias": [
    -0.03269632,
    0.16014055,
    -0.00331988
  ],
  "value_weights": [
    -0.24871201,
    -1.26326433,
    0.14140493,
    -0.1114969,
    0.73649712,
    -0.12879467,
    0.04302534,
    2.15365918,
    0.19793809,
    0.2967156,
    1.05387781,
    -0.31149249,
    0.93420901,
    -0.38936561,
    0.16001779,
    -0.1074015,
    0.68706658,
    -0.13374356
  ],
  "value_bias": 1.55886339,
  "sigma": 0.15397105,
  "readiness": {
    "score_version": "inspection_readiness_v0_1",
    "inspection_readiness_score": 0.809524,
    "safe_component_coverage": 1.0,
    "anomaly_recall": 1.0,
    "anomaly_localization_quality": 1.0,
    "standoff_quality": 0.0,
    "view_diversity": 1.0,
    "smooth_control": 0.595239,
    "successful_return_or_hold": 1.0,
    "keepout_penalty": 0.0,
    "collision_penalty": 0.0,
    "unsafe_coverage_penalty": 0.0,
    "false_alarm_penalty": 0.0,
    "missed_priority_penalty": 0.0
  }
}
